Date	Close value	Simple (14)	Simple (20)	Enveloped (3.0% 14)	Enveloped (5.0% 14)	Enveloped (3.0% 20)	Enveloped (5.0% 20)	Double (7/14)	Double (5/20)	Triple (4/9/18)	Exponential (7)	Exponential (14)	Exponential (20)
2019-07-01	10583.134766	10000.0	10000.0	10000.0	10000.0	10000.0	10000.0	10000.0	10000.0	10000.0	10000.0	10000.0	10000.0
2019-07-02	1.0206501167028605	1.0206501167	1.0206501167	1.0206501167	1.0206501167	1.0206501167	1.0206501167	1.0206501167	1.0206501167	1.0206501167	1.0206501167	1.0206501167	1.0206501167
2019-07-03	1.1073529340122785	1.1073529339851198	1.1073529339851198	1.1073529339851198	1.1073529339851198	1.1073529339851198	1.1073529339851198	1.1073529339851198	1.1073529339851198	1.1073529339851198	1.0	1.0	1.0
2019-07-04	0.9376460810395562	0.9376460810688789	0.9376460810688789	0.9376460810688789	0.9376460810688789	0.9376460810688789	0.9376460810688789	0.9376460810688789	0.9376460810688789	0.9376460810688789	0.9376460810039704	0.9376460810039704	0.9376460810039704
2019-07-05	0.9788704150863486	0.9788704150985684	0.9788704150985684	0.9788704150985684	0.9788704150985684	0.9788704150985684	0.9788704150985684	0.9788704150985684	0.9788704150985684	0.9788704150985684	1.0	1.0	1.0
2019-07-06	1.020958387680729	1.0209583876828234	1.0209583876828234	1.0209583876828234	1.0209583876828234	1.0209583876828234	1.0209583876828234	1.0209583876828234	1.0209583876828234	1.0209583876828234	1.0	1.0	1.0
2019-07-07	1.0216170585951865	1.0216170585511466	1.0216170585511466	1.0216170585511466	1.0216170585511466	1.0216170585511466	1.0216170585511466	1.0216170585511466	1.0216170585511466	1.0216170585511466	1.0	1.0	1.0
2019-07-08	1.0729300942836482	1.0729300942853315	1.0729300942853315	1.0729300942853315	1.0729300942853315	1.0729300942853315	1.0729300942853315	1.0729300942853315	1.0729300942853315	1.0729300942853315	1.0729300943719227	1.0729300943719227	1.0729300943719227
2019-07-09	1.0234295519985144	1.0234295520339685	1.0234295520339685	1.0234295520339685	1.0234295520339685	1.0234295520339685	1.0234295520339685	1.0234295520339685	1.0234295520339685	1.0234295520339685	1.0234295519968406	1.0234295519968406	1.0234295519968406
2019-07-10	0.9668119907943593	0.9668119907466999	0.9668119907466999	0.9668119907466999	0.9668119907466999	0.9668119907466999	0.9668119907466999	0.9668119907466999	0.9668119907466999	0.9668119907466999	0.9668119907502918	0.9668119907502918	0.9668119907502918
2019-07-11	0.9343684651990569	0.934368465206219	0.934368465206219	0.934368465206219	0.934368465206219	0.934368465206219	0.934368465206219	0.934368465206219	0.934368465206219	0.934368465206219	0.9343684651588985	0.9343684651588985	0.9343684651588985
2019-07-12	1.04026215540276	1.040262155409802	1.040262155409802	1.040262155409802	1.040262155409802	1.040262155409802	1.040262155409802	1.040262155409802	1.040262155409802	1.040262155409802	1.0	1.0	1.0
2019-07-13	0.9641496350587178	0.9641496350869379	0.9641496350869379	0.9641496350869379	0.9641496350869379	0.9641496350869379	0.9641496350869379	0.9641496350869379	0.9641496350869379	0.9641496350869379	1.0	0.9641496351218647	0.9641496351218647
2019-07-14	0.9002560991540111	0.9002560991535192	0.9002560991535192	0.9002560991535192	0.9002560991535192	0.9002560991535192	0.9002560991535192	0.9002560991535192	0.9002560991535192	0.9002560991535192	1.0	1.0	1.0
2019-07-15	1.062307683223831	1.0	1.0623076832072074	1.0	1.0623076832072074	1.0623076832072074	1.0623076832072074	1.0	1.0623076832072074	1.0623076832072074	1.0	1.0	1.0
2019-07-16	0.8699002704616888	1.0	0.8699002704328915	1.0	0.8699002704328915	0.8699002704328915	0.8699002704328915	1.0	0.8699002704328915	0.8699002704328915	1.0	1.0	1.0
2019-07-17	1.0228074811305785	1.0	1.0228074811202283	1.0	1.0	1.0228074811202283	1.0228074811202283	1.0	1.0228074811202283	1.0	1.0	1.0	1.0
2019-07-18	1.1003403632909123	1.0	1.1003403633132132	1.0	1.0	1.1003403633132132	1.1003403633132132	1.0	1.1003403633132132	1.0	1.0	1.0	1.0
2019-07-19	0.9872732176710842	1.0	0.9872732176879087	1.0	1.0	0.9872732176879087	0.9872732176879087	1.0	0.9872732176879087	1.0	0.9872732176910464	1.0	1.0
2019-07-20	1.022449267204446	1.0	1.0224492672457457	1.0	1.0	1.0224492672457457	1.0224492672457457	1.0	1.0224492672457457	1.0	1.0224492672317667	1.0	1.0
2019-07-21	0.9843937958925597	1.0	0.9843937958522048	1.0	1.0	0.9843937958522048	0.9843937958522048	1.0	0.9843937958522048	1.0	0.9843937958672504	0.9843937958353657	1.0
2019-07-22	0.9758471104237296	1.0	1.0	1.0	1.0	1.0	0.9758471104276351	1.0	0.9758471104276351	1.0	0.9758471104743867	1.0	1.0
2019-07-23	0.9572334608222242	1.0	1.0	1.0	1.0	1.0	1.0	1.0	1.0	1.0	1.0	1.0	1.0
2019-07-24	0.9910267768332011	1.0	1.0	1.0	1.0	1.0	1.0	1.0	1.0	1.0	1.0	1.0	1.0
2019-07-25	1.0101831198309184	1.0	1.0	1.0	1.0	1.0	1.0	1.0	1.0	1.0	1.0	1.0	1.0
2019-07-26	0.9958092464699577	1.0	1.0	1.0	1.0	1.0	1.0	1.0	1.0	1.0	1.0	1.0	1.0
2019-07-27	0.9602214897843077	1.0	1.0	1.0	1.0	1.0	1.0	1.0	1.0	1.0	1.0	1.0	1.0
2019-07-28	1.007932599114474	1.0	1.0	1.0	1.0	1.0	1.0	1.0	1.0	1.0	1.0	1.0	1.0
2019-07-29	0.9964707069131455	1.0	1.0	1.0	1.0	1.0	1.0	1.0	1.0	1.0	1.0	1.0	1.0
2019-07-30	1.0092737651636705	1.0	1.0	1.0	1.0	1.0	1.0	1.0	1.0	1.0	1.0	1.0	1.0
2019-07-31	1.0497744359529884	1.0	1.0	1.0	1.0	1.0	1.0	1.0	1.0	1.0	1.0	1.0	1.0
2019-08-01	1.0311374777237097	1.0311374776694269	1.0	1.0	1.0	1.0	1.0	1.0311374776694269	1.0	1.0	1.031137477693752	1.0311374777215003	1.031137477651956
2019-08-02	1.0113951569638164	1.0113951570590232	1.0113951569978945	1.0113951569546744	1.0	1.0	1.0	1.0113951570590232	1.0113951570021769	1.011395156987195	1.0113951570138706	1.0113951569554058	1.0113951569821438
2019-08-03	1.0288597369436854	1.0288597368563497	1.0288597368972503	1.02885973690702	1.0	1.0288597370049324	1.0	1.0288597368563497	1.0288597369638135	1.0288597369580186	1.0288597369435777	1.0288597369696133	1.028859736962761
2019-08-04	1.0137185139668548	1.0137185140524887	1.0137185140005258	1.0137185140089549	1.0137185140335772	1.0137185139227747	1.0137185139580398	1.0137185140524887	1.0137185139575275	1.013718513987008	1.0137185139674982	1.0137185140250387	1.013718514003205
2019-08-05	1.0761581306740038	1.0761581305933037	1.0761581306700783	1.076158130674596	1.0761581306076728	1.0761581306609487	1.0761581306585981	1.0761581305933037	1.0761581306263777	1.0761581306816554	1.0761581306630184	1.076158130600446	1.07615813064744
2019-08-06	0.9722603767768441	0.9722603767685611	0.9722603767588802	0.9722603767333324	0.9722603768588253	0.9722603767579437	0.9722603768107119	0.9722603767685611	0.9722603767920381	0.9722603767992182	0.9722603767206833	0.9722603768314557	0.9722603767455352
2019-08-07	1.040407124796855	1.040407124803501	1.0404071247824562	1.0404071248007487	1.0404071247212912	1.0404071248477018	1.0404071247609452	1.040407124803501	1.0404071248048914	1.0404071247379725	1.0404071248587548	1.0404071247687277	1.0404071248342863
2019-08-08	1.0020464361875006	1.002046436260215	1.002046436213541	1.002046436232621	1.0020464361803418	1.002046436176363	1.0020464362305728	1.002046436260215	1.0020464361351542	1.0020464361600645	1.0020464361622266	1.0020464362111536	1.0020464361798804
2019-08-09	0.9913532356005287	0.9913532355666279	0.9913532356461782	0.9913532356214324	0.9913532356051071	0.991353235623825	0.9913532356343339	0.9913532355666279	0.9913532356002055	0.9913532356816783	0.9913532356167439	0.9913532355786429	0.9913532356026051
2019-08-10	0.9571006632284245	0.9571006632088513	0.9571006632104668	0.9571006632006005	0.9571006632764082	0.9571006632160721	0.9571006631936858	0.9571006632088513	0.9571006632260852	0.9571006631405511	0.9571006632006916	0.9571006632369221	0.957100663202845
2019-08-11	1.014933444021041	1.0149334440044975	1.014933443976733	1.0149334440335398	1.0149334440160067	1.0149334439642566	1.01493344402203	1.0149334440044975	1.0149334440179925	1.0149334440826818	1.0	1.0149334440182711	1.0149334440297557
2019-08-12	0.9877674384188907	0.9877674384531138	0.9877674384136401	0.9877674383630394	0.9877674384550245	0.9877674384820961	0.9877674384467227	0.9877674384531138	0.9877674384806057	0.9877674383621778	1.0	0.9877674384129405	0.9877674384681754
2019-08-13	0.9572342487898716	0.957234248811093	0.9572342488001634	0.9572342488281632	0.9572342487146169	0.9572342487764057	0.9572342487188972	0.957234248811093	0.9572342487283099	0.9572342488225131	1.0	1.0	0.957234248756748
2019-08-14	0.9225276119435458	1.0	0.92252761195074	0.9225276119412186	0.9225276119476434	0.9225276119624263	0.9225276120243854	1.0	0.9225276120247883	0.9225276119242986	1.0	1.0	1.0
2019-08-15	1.0258505217984182	1.0	1.0	1.0	1.0	1.0	1.0	1.0	1.0	1.0	1.0	1.0	1.0
2019-08-16	1.0060895785773674	1.0	1.0	1.0	1.0	1.0	1.0	1.0	1.0	1.0	1.0	1.0	1.0
2019-08-17	0.9862550541458035	1.0	1.0	1.0	1.0	1.0	1.0	1.0	1.0	1.0	1.0	1.0	1.0
2019-08-18	1.011148285612706	1.0	1.0	1.0	1.0	1.0	1.0	1.0	1.0	1.0	1.0	1.0	1.0
2019-08-19	1.0551182685406275	1.0	1.0	1.0	1.0	1.0	1.0	1.0	1.0	1.0	1.0	1.0	1.0
2019-08-20	0.9860003172349725	1.0	0.9860003172314095	1.0	1.0	1.0	1.0	1.0	0.9860003172058591	1.0	0.9860003172515657	0.9860003172692846	0.9860003172345106
2019-08-21	0.9419149756794132	1.0	1.0	1.0	1.0	1.0	1.0	1.0	0.9419149756558937	1.0	0.9419149756761637	0.941914975682813	1.0
2019-08-22	0.9993101098204754	1.0	1.0	1.0	1.0	1.0	1.0	1.0	1.0	1.0	1.0	1.0	1.0
2019-08-23	1.0273327073884293	1.0	1.0	1.0	1.0	1.0	1.0	1.0	1.0	1.0	1.0	1.0	1.0
2019-08-24	0.9761717194747281	1.0	1.0	1.0	1.0	1.0	1.0	1.0	1.0	1.0	0.9761717194476865	1.0	1.0
2019-08-25	0.9978894249563699	1.0	1.0	1.0	1.0	1.0	1.0	1.0	1.0	1.0	1.0	1.0	1.0
2019-08-26	1.0229128897013586	1.0	1.0	1.0	1.0	1.0	1.0	1.0	1.0	1.0	1.0	1.0	1.0
2019-08-27	0.9821306022660813	1.0	1.0	1.0	1.0	1.0	1.0	1.0	1.0	1.0	0.9821306023034007	0.9821306021973133	1.0
2019-08-28	0.9576773699867458	1.0	1.0	1.0	1.0	1.0	1.0	1.0	1.0	1.0	1.0	1.0	1.0
2019-08-29	0.9749628798437905	1.0	1.0	1.0	1.0	1.0	1.0	1.0	1.0	1.0	1.0	1.0	1.0
2019-08-30	1.0092504501688886	1.0	1.0	1.0	1.0	1.0	1.0	1.0	1.0	1.0	1.0	1.0	1.0
2019-08-31	1.0033850434032794	1.0	1.0	1.0	1.0	1.0	1.0	1.0	1.0	1.0	1.0	1.0	1.0
2019-09-01	1.0132188849249866	1.0	1.0	1.0	1.0	1.0	1.0	1.0	1.0	1.0	1.0	1.0	1.0
2019-09-02	1.0603393940113983	1.0	1.0	1.0	1.0	1.0	1.0	1.0	1.0	1.0	1.0603393939536865	1.0	1.0
2019-09-03	1.0267503331623862	1.0267503331140442	1.026750333155352	1.0	1.0	1.0	1.0	1.0267503331140442	1.0267503331751953	1.0267503332003574	1.026750333230374	1.0267503332011958	1.0267503331645167
2019-09-04	0.997265800769483	0.9972658007444205	0.9972658007685906	0.9972658008156368	0.9972658007976517	0.9972658007670433	1.0	0.9972658007444205	0.9972658008165609	0.9972658007773129	0.9972658007365078	0.9972658008124451	0.9972658007298487
2019-09-05	0.9982103947110538	0.9982103947310003	0.9982103947718803	0.998210394624671	0.9982103946638433	0.9982103946461126	1.0	0.9982103947310003	0.9982103946800868	0.9982103947383235	0.9982103946947938	0.9982103946528996	0.9982103947393952
2019-09-06	0.9789863579703991	0.9789863579855992	0.9789863578829162	0.9789863580498217	0.9789863580107293	0.9789863579756071	1.0	0.9789863579855992	0.9789863579285589	0.9789863579865979	0.9789863579663272	0.9789863580004864	0.9789863579873254
2019-09-07	1.0158357340852773	1.0158357340606228	1.0158357341232593	1.015835734093313	1.0158357340602895	1.0158357341078301	1.0	1.0158357340606228	1.01583573407328	1.0158357340301212	1.0	1.0158357340572568	1.0158357340460642
2019-09-08	0.992775822508323	0.9927758225167578	0.9927758224879725	0.9927758224887665	0.9927758225236218	0.9927758225637919	1.0	0.9927758225167578	0.9927758225016147	0.9927758224688206	0.9927758225228683	0.9927758225211453	0.9927758225039681
2019-09-09	0.9898190839641052	0.9898190840304985	0.989819084043437	0.9898190838893718	0.9898190839994819	0.9898190839271247	1.0	0.9898190840304985	0.9898190840068279	0.9898190840431986	1.0	0.9898190839907154	0.9898190840049498
2019-09-10	0.9788099118492958	0.978809911842567	0.9788099117740638	0.9788099118949249	0.9788099117691758	0.9788099118887018	1.0	0.978809911842567	0.9788099118765947	0.9788099118294894	1.0	0.978809911843505	0.9788099118366801
2019-09-11	1.006168113344041	1.0	1.0	1.0061681133824145	1.0061681134394862	1.0061681132817681	1.0	1.0	1.0	1.0	1.0	1.0	1.0
2019-09-12	1.0227693467487873	1.0227693467104302	1.0227693467428478	1.0227693467453398	1.0227693466950065	1.0227693467864896	1.0	1.0	1.0	1.0	1.0	1.0	1.0
2019-09-13	0.9952373224434393	0.9952373224671088	0.9952373225102025	0.9952373224558478	0.9952373224267738	0.9952373223723847	1.0	0.995237322416275	0.9952373224406719	1.0	0.9952373224511497	0.9952373223901873	0.9952373224366524
2019-09-14	0.9997588884997927	0.9997588884980961	0.9997588884996953	0.9997588885010994	0.999758888515119	0.9997588885882078	1.0	0.9997588884912462	0.9997588884207406	1.0	0.9997588885164659	0.9997588885758899	0.9997588884941774
2019-09-15	0.9990021347483842	0.9990021346993768	0.9990021347419091	0.9990021347399182	0.9990021347200844	0.999002134719668	1.0	0.999002134772944	0.9990021347634132	1.0	0.9990021346968871	1.0	0.9990021347590812
2019-09-16	0.9931464134396615	1.0	0.9931464134631828	0.9931464133836021	0.9931464134876445	0.9931464134662699	1.0	0.9931464133943882	0.9931464134307144	0.9931464133607131	0.9931464134783133	1.0	0.9931464134594926
2019-09-17	0.9965435247422392	1.0	0.9965435247032339	0.9965435247277658	0.9965435246917017	0.9965435246784314	1.0	1.0	0.9965435248005968	0.9965435247855902	1.0	1.0	1.0
2019-09-18	0.9957989191124595	1.0	0.9957989190518625	0.9957989191233186	0.9957989192024105	0.9957989191173933	1.0	1.0	0.9957989191167155	1.0	1.0	1.0	1.0
2019-09-19	1.0066841865079026	1.0	1.0	1.0066841865518144	1.00668418651165	1.006684186485592	1.0	1.0	1.0	1.0	1.0	1.0	1.0
2019-09-20	0.9917426446643777	1.0	0.9917426447618303	0.9917426446279644	0.9917426446302657	0.9917426446902667	1.0	1.0	1.0	1.0	1.0	1.0	1.0
2019-09-21	0.9840963951266765	1.0	1.0	0.9840963951441363	0.9840963951133925	0.9840963951762912	1.0	1.0	1.0	1.0	1.0	1.0	1.0
2019-09-22	1.0050576061206815	1.0	1.0	1.00505760610919	1.0050576061834016	1.0	1.0	1.0	1.0	1.0	1.0	1.0	1.0
2019-09-23	0.9661315726911078	1.0	1.0	0.9661315727080256	0.9661315726228241	1.0	1.0	1.0	1.0	1.0	1.0	1.0	1.0
2019-09-24	0.8860395863019188	1.0	1.0	1.0	1.0	1.0	1.0	1.0	1.0	1.0	1.0	1.0	1.0
2019-09-25	0.9845052824015099	1.0	1.0	1.0	1.0	1.0	1.0	1.0	1.0	1.0	1.0	1.0	1.0
2019-09-26	0.9566365397157284	1.0	1.0	1.0	1.0	1.0	1.0	1.0	1.0	1.0	1.0	1.0	1.0
2019-09-27	1.0163663576103716	1.0	1.0	1.0	1.0	1.0	1.0	1.0	1.0	1.0	1.0	1.0	1.0
2019-09-28	0.9992812924267542	1.0	1.0	1.0	1.0	1.0	1.0	1.0	1.0	1.0	1.0	1.0	1.0
2019-09-29	0.9828121571311766	1.0	1.0	1.0	1.0	1.0	1.0	1.0	1.0	1.0	1.0	1.0	1.0
2019-09-30	1.0234055126082615	1.0	1.0	1.0	1.0	1.0	1.0	1.0	1.0	1.0	1.0	1.0	1.0
2019-10-01	1.0059571965725786	1.0	1.0	1.0	1.0	1.0	1.0	1.0	1.0	1.0	1.0059571965474883	1.0	1.0
2019-10-02	1.0059647580651694	1.0	1.0	1.0	1.0	1.0	1.0	1.0	1.0	1.0	1.0059647580651148	1.0	1.0
2019-10-03	0.9841476065380325	1.0	1.0	1.0	1.0	1.0	1.0	1.0	1.0	1.0	0.9841476066010713	1.0	1.0
2019-10-04	0.9934560791620933	1.0	1.0	1.0	1.0	1.0	1.0	1.0	1.0	1.0	1.0	1.0	1.0
2019-10-05	0.9933659070589292	1.0	1.0	1.0	1.0	1.0	1.0	1.0	1.0	1.0	1.0	1.0	1.0
2019-10-06	0.9799613916185783	1.0	1.0	1.0	1.0	1.0	1.0	1.0	1.0	1.0	1.0	1.0	1.0
2019-10-07	1.0322311297715028	1.0	1.0	1.0	1.0	1.0	1.0	1.0	1.0	1.0	1.0	1.0	1.0
2019-10-08	0.9979577232788824	1.0	1.0	1.0	1.0	1.0	1.0	1.0	1.0	1.0	0.997957723242548	0.9979577232167309	1.0
2019-10-09	1.0445943248166043	1.0	1.0	1.0	1.0	1.0	1.0	1.0	1.0	1.0	1.0445943248128458	1.044594324792852	1.0
2019-10-10	0.998921954276451	0.9989219542619616	1.0	0.998921954326019	1.0	1.0	1.0	0.9989219542582813	1.0	0.9989219542424822	0.998921954234868	0.998921954343963	0.9989219542946335
2019-10-11	0.9691704874067714	0.9691704874374167	1.0	0.9691704873259461	1.0	1.0	1.0	0.969170487402894	1.0	0.9691704875118822	0.9691704874267411	0.9691704873952833	0.9691704874333749
2019-10-12	1.0017783297795941	1.0017783298027692	1.0	1.0017783297503329	1.0	1.0	1.0	1.0017783298449057	1.0	1.001778329777166	1.0	1.0017783297965241	1.0
2019-10-13	0.9981347446563396	0.9981347446939658	1.0	0.9981347446595829	1.0	1.0	1.0	0.9981347446363159	1.0	0.9981347445913402	1.0	0.9981347446097788	0.9981347445952146
2019-10-14	1.0064512229542464	1.006451222881608	1.0	1.006451223023294	1.0	1.0	1.0	1.0064512229447402	1.0	1.0064512229924907	1.0	1.0	1.0064512229171643
2019-10-15	0.9797822424117019	0.9797822424220684	0.9797822423343152	0.9797822424309506	1.0	1.0	1.0	0.9797822423992121	1.0	0.9797822424289908	1.0	0.9797822423856055	0.9797822424664434
2019-10-16	0.9807635362544137	1.0	1.0	0.9807635362639051	1.0	1.0	1.0	1.0	1.0	1.0	1.0	1.0	1.0
2019-10-17	1.0070064106670198	1.0	1.0	1.0	1.0	1.0	1.0	1.0	1.0	1.0	1.0	1.0	1.0
2019-10-18	0.9838715392043528	1.0	1.0	1.0	1.0	1.0	1.0	1.0	1.0	1.0	1.0	1.0	1.0
2019-10-19	1.0019255772487408	1.0	1.0	1.0	1.0	1.0	1.0	1.0	1.0	1.0	1.0	1.0	1.0
2019-10-20	1.0292314962909925	1.0	1.0	1.0	1.0	1.0	1.0	1.0	1.0	1.0	1.0	1.0	1.0
2019-10-21	1.0026322515635304	1.0	1.0	1.0	1.0	1.0	1.0	1.0	1.0	1.0	1.0026322515887562	1.002632251657795	1.0026322515954689
2019-10-22	0.9799219813524533	1.0	1.0	1.0	1.0	1.0	1.0	1.0	1.0	0.9799219813252671	0.979921981357746	0.979921981319636	0.9799219812814469
2019-10-23	0.9302405199176024	1.0	1.0	1.0	1.0	1.0	1.0	1.0	1.0	1.0	1.0	1.0	1.0
2019-10-24	0.9971811004722012	1.0	1.0	1.0	1.0	1.0	1.0	1.0	1.0	1.0	1.0	1.0	1.0
2019-10-25	1.1557634181921914	1.0	1.0	1.0	1.0	1.0	1.0	1.0	1.0	1.0	1.0	1.0	1.0
2019-10-26	1.0674624970088809	1.0674624970581512	1.0674624970193103	1.067462496957541	1.0674624969532958	1.0674624969267204	1.0674624969296374	1.0674624970702347	1.0674624969830344	1.0674624969959938	1.0674624970142705	1.0674624970331972	1.0674624970471125
2019-10-27	1.0331793504874158	1.0331793504933515	1.0331793504847961	1.0331793505043179	1.033179350585737	1.0331793504795823	1.0331793505647562	1.0331793504089657	1.033179350493139	1.0331793504221876	1.033179350416883	1.0331793504150983	1.0331793504547158
2019-10-28	0.9690561945339414	0.9690561944850254	0.9690561945561568	0.9690561945718632	0.9690561944587281	0.9690561945510552	0.969056194499382	0.9690561945818185	0.9690561945740552	0.9690561945585636	0.9690561945862656	0.9690561945553754	0.9690561945298376
2019-10-29	1.0185324450173863	1.0185324450116897	1.0185324450524675	1.0185324449680848	1.018532445022255	1.0185324450154598	1.0185324449900526	1.0185324450247626	1.0185324449991744	1.018532445049794	1.0185324450381725	1.018532444970553	1.018532445044227
2019-10-30	0.9764564812951214	0.9764564813456048	0.9764564813057802	0.9764564812517074	0.9764564812821698	0.9764564813060778	0.9764564812777623	0.9764564812394545	0.976456481294713	0.9764564812717095	0.976456481245238	0.9764564813106947	0.9764564812873715
2019-10-31	0.9993328498345058	0.9993328498009926	0.9993328498324698	0.9993328499111646	0.9993328498876863	0.9993328498145266	0.9993328498333752	0.9993328498375718	0.9993328497726593	0.9993328498773907	1.0	0.9993328498978291	0.9993328498523908
2019-11-01	1.0066872072230215	1.0066872072022621	1.0066872071669204	1.006687207158793	1.0066872071633017	1.0066872072995392	1.0066872072452455	1.0066872072820312	1.0066872072425825	1.0066872072191708	1.0	1.0066872071672441	1.0066872072665867
2019-11-02	1.0068688654852076	1.0068688655048315	1.0068688655439282	1.0068688654633522	1.0068688655889897	1.0068688654873732	1.0068688655011628	1.0068688654160307	1.006868865494863	1.0068688654601008	1.0	1.0068688655452473	1.0068688654866607
2019-11-03	0.9904165162769051	0.9904165163189271	0.9904165162111852	0.9904165163867211	0.9904165162381674	0.9904165162706673	0.9904165163143338	0.9904165163231755	0.9904165162631516	0.9904165162681403	0.9904165163099206	0.9904165162356121	0.9904165162666849
2019-11-04	1.019193395678915	1.0191933956554242	1.0191933956705992	1.0191933956504107	1.0191933956803159	1.0191933956085835	1.019193395621882	1.0191933957008616	1.0191933957287265	1.019193395660656	1.0	1.019193395741549	1.0191933956095682
2019-11-05	0.9925541434482783	0.9925541433918086	0.9925541434948395	0.992554143466505	0.9925541434559111	0.9925541435337322	0.9925541434248849	0.9925541433876692	0.9925541434665084	0.9925541434470736	0.9925541434446784	0.9925541433911274	0.9925541434859062
2019-11-06	1.0019644083794719	1.0019644084416737	1.0019644083417816	1.0019644082751797	1.0019644083049442	1.0019644083321106	1.001964408407604	1.0019644084533612	1.0019644083557355	1.001964408383746	1.0019644084200103	1.0019644084071897	1.0019644083327275
2019-11-07	0.9900310268728614	0.9900310268733694	0.9900310268663063	0.990031026923295	0.9900310269328589	0.990031026865826	0.9900310269261415	0.9900310268389202	0.990031026872359	0.9900310269428689	0.9900310268003936	0.9900310268820801	0.9900310269366087
2019-11-08	0.9500752530369796	0.950075253045864	0.9500752530980959	0.9500752529900365	0.9500752530761151	0.9500752530247594	0.9500752530054645	0.9500752530244666	0.9500752530119112	0.9500752529904056	1.0	1.0	0.9500752530180325
2019-11-09	1.0009882214352854	1.0	1.0	1.0	1.0	1.0009882214664996	1.0009882214286103	1.0	1.0	1.0	1.0	1.0	1.0
2019-11-10	1.0274513058537391	1.0	1.0	1.0	1.0	1.0274513058548145	1.0274513058856276	1.0	1.0	1.0	1.0	1.0	1.0
2019-11-11	0.9671208200458659	1.0	0.967120819985468	1.0	1.0	0.967120820001383	0.9671208200523193	1.0	1.0	1.0	0.9671208200666886	1.0	1.0
2019-11-12	1.0066082922344874	1.0	1.0	1.0	1.0	1.0066082922185995	1.0066082922357191	1.0	1.0	1.0	1.0	1.0	1.0
2019-11-13	0.999160651360214	1.0	1.0	1.0	1.0	0.9991606513694961	0.9991606513437027	1.0	1.0	1.0	1.0	1.0	1.0
2019-11-14	0.9886279540621716	1.0	1.0	1.0	1.0	1.0	0.9886279540352874	1.0	1.0	1.0	1.0	1.0	1.0
2019-11-15	0.975183717474965	1.0	1.0	1.0	1.0	1.0	0.9751837175203214	1.0	1.0	1.0	1.0	1.0	1.0
2019-11-16	1.0069204672706888	1.0	1.0	1.0	1.0	1.0	1.0	1.0	1.0	1.0	1.0	1.0	1.0
2019-11-17	1.0031827395036708	1.0	1.0	1.0	1.0	1.0	1.0	1.0	1.0	1.0	1.0	1.0	1.0
2019-11-18	0.9686768223683773	1.0	1.0	1.0	1.0	1.0	1.0	1.0	1.0	1.0	1.0	1.0	1.0
2019-11-19	0.9875873061356762	1.0	1.0	1.0	1.0	1.0	1.0	1.0	1.0	1.0	1.0	1.0	1.0
2019-11-20	0.9782020143530704	1.0	1.0	1.0	1.0	1.0	1.0	1.0	1.0	1.0	1.0	1.0	1.0
2019-11-21	0.9520985143589946	1.0	1.0	1.0	1.0	1.0	1.0	1.0	1.0	1.0	1.0	1.0	1.0
2019-11-22	0.9547057848287593	1.0	1.0	1.0	1.0	1.0	1.0	1.0	1.0	1.0	1.0	1.0	1.0
2019-11-23	1.0138721525399428	1.0	1.0	1.0	1.0	1.0	1.0	1.0	1.0	1.0	1.0	1.0	1.0
2019-11-24	0.9527048540380477	1.0	1.0	1.0	1.0	1.0	1.0	1.0	1.0	1.0	1.0	1.0	1.0
2019-11-25	1.013935578002903	1.0	1.0	1.0	1.0	1.0	1.0	1.0	1.0	1.0	1.0	1.0	1.0
2019-11-26	1.0101085855838852	1.0	1.0	1.0	1.0	1.0	1.0	1.0	1.0	1.0	1.0	1.0	1.0
2019-11-27	1.043402102208407	1.0	1.0	1.0	1.0	1.0	1.0	1.0	1.0	1.0	1.0	1.0	1.0
2019-11-28	0.9908974137882808	1.0	1.0	1.0	1.0	1.0	1.0	1.0	1.0	1.0	0.9908974138032877	1.0	1.0
2019-11-29	1.0399482061112053	1.0	1.0	1.0	1.0	1.0	1.0	1.0	1.0	1.0	1.03994820610322	1.0	1.0
2019-11-30	0.9753114606895993	1.0	1.0	1.0	1.0	1.0	1.0	1.0	1.0	1.0	0.975311460662991	0.9753114606928529	0.9753114607300704
2019-12-01	0.9807999327250596	1.0	1.0	1.0	1.0	1.0	1.0	1.0	1.0	1.0	0.9807999327868384	0.9807999326760822	1.0
2019-12-02	0.986220343652194	1.0	1.0	1.0	1.0	1.0	1.0	1.0	1.0	1.0	1.0	1.0	1.0
2019-12-03	0.9997483234158155	1.0	1.0	1.0	1.0	1.0	1.0	1.0	1.0	1.0	1.0	1.0	1.0
2019-12-04	0.9906954253948146	1.0	1.0	1.0	1.0	1.0	1.0	1.0	1.0	1.0	1.0	1.0	1.0
2019-12-05	1.0270645354008117	1.0	1.0	1.0	1.0	1.0	1.0	1.0	1.0	1.0	1.0	1.0	1.0
2019-12-06	1.0132498508486345	1.013249850821609	1.0	1.0	1.0	1.0	1.0	1.0132498508280376	1.0	1.0	1.013249850776242	1.013249850875045	1.0
2019-12-07	1.0012244885630455	1.001224488519352	1.0	1.0	1.0	1.0	1.0	1.0012244886008108	1.0	1.0012244885572115	1.001224488579034	1.001224488549466	1.001224488532039
2019-12-08	1.0010729442643413	1.0010729442966402	1.0	1.0	1.0	1.0	1.0	1.0010729442864177	1.0	1.0010729443418978	1.0010729443052613	1.0010729442641506	1.0010729442737851
2019-12-09	0.9783926042037467	0.9783926041914394	0.9783926042490112	1.0	1.0	1.0	1.0	0.9783926041577659	0.9783926041895702	0.9783926040831302	0.9783926042084818	0.9783926042438205	0.9783926041412152
2019-12-10	0.9834101535324555	1.0	1.0	1.0	1.0	1.0	1.0	1.0	1.0	1.0	1.0	1.0	1.0
2019-12-11	0.9916609802952167	1.0	1.0	1.0	1.0	1.0	1.0	1.0	1.0	1.0	1.0	1.0	1.0
2019-12-12	1.0035617998109017	1.0	1.0	1.0	1.0	1.0	1.0	1.0	1.0	1.0	1.0	1.0	1.0
2019-12-13	1.0036655806705543	1.0	1.0	1.0	1.0	1.0	1.0	1.0	1.0	1.0	1.0	1.0	1.0
2019-12-14	0.9800526775813052	1.0	1.0	1.0	1.0	1.0	1.0	1.0	1.0	1.0	1.0	1.0	1.0
2019-12-15	1.0038777817296591	1.0	1.0	1.0	1.0	1.0	1.0	1.0	1.0	1.0	1.0	1.0	1.0
2019-12-16	0.9692656579045865	1.0	1.0	1.0	1.0	1.0	1.0	1.0	1.0	1.0	1.0	1.0	1.0
2019-12-17	0.9578844349716407	1.0	1.0	1.0	1.0	1.0	1.0	1.0	1.0	1.0	1.0	1.0	1.0
2019-12-18	1.0958190116087076	1.0	1.0	1.0	1.0	1.0	1.0	1.0	1.0	1.0	1.0	1.0	1.0
2019-12-19	0.9898364022354985	0.9898364022842508	1.0	1.0	1.0	1.0	1.0	0.9898364022784562	1.0	1.0	0.9898364022301163	0.989836402219966	0.9898364022395906
2019-12-20	1.0022174806884947	1.0	1.0	1.0	1.0	1.0	1.0	1.0022174807043358	1.0	1.0	1.0022174806882025	1.0022174806895197	1.0
2019-12-21	0.9961686634699544	1.0	1.0	1.0	1.0	1.0	1.0	0.9961686634166952	1.0	1.0	0.9961686633957314	0.9961686634823567	0.9961686635268137
2019-12-22	1.0445589076487813	1.0	1.0	1.0	1.0	1.0	1.0	1.0445589076378925	1.0	1.0	1.0445589077461137	1.0445589076208823	1.0
2019-12-23	0.9792373555367005	0.9792373554662434	0.9792373555655133	0.9792373555709222	1.0	0.9792373555479132	1.0	0.9792373555534718	0.9792373555693948	0.9792373555494965	0.9792373555204548	0.9792373555417404	0.9792373554871379
2019-12-24	0.9955005624102746	0.9955005624763028	0.995500562347943	0.995500562419426	1.0	0.9955005624473385	1.0	0.995500562415421	0.9955005624463263	0.9955005624873451	0.9955005623830466	0.9955005624158406	0.9955005624666871
2019-12-25	0.9935300434970692	0.993530043518707	0.9935300435302029	0.993530043561634	1.0	0.9935300434864404	1.0	0.9935300434693792	0.9935300434898863	0.9935300434353264	1.0	0.9935300435162668	0.9935300434648123
2019-12-26	0.9950256783244389	0.9950256782882159	0.9950256783257095	0.9950256783054338	1.0	0.9950256782816792	1.0	0.9950256783325999	0.9950256782730335	0.9950256783433453	1.0	0.9950256782794149	0.9950256783852295
2019-12-27	1.0070619997899681	1.0070619998055947	1.0	1.007061999712828	1.0	1.0070619998668444	1.0	1.007061999851666	1.0	1.00706199982295	1.0	1.0	1.007061999697673
2019-12-28	1.0038273685515768	1.003827368473153	1.0038273685037071	1.003827368639531	1.0	1.0038273685543946	1.0	1.003827368482057	1.0	1.0038273685383616	1.0	1.0038273686017218	1.0038273685449983
2019-12-29	1.0143020958833378	1.0143020959563238	1.0143020958869957	1.0143020958127438	1.0	1.0143020958767162	1.0	1.014302095889702	1.0143020958922968	1.0143020958215054	1.014302095837406	1.0143020958917934	1.0143020959210318
2019-12-30	0.9825321596018841	0.9825321595309052	0.9825321596528717	0.9825321596821592	1.0	0.9825321595804549	1.0	0.9825321596034863	0.9825321596212148	0.982532159627576	0.9825321596640438	0.9825321595574187	0.9825321595677385
2019-12-31	0.9863710321472301	0.9863710322072825	0.9863710320717277	0.9863710321237493	1.0	0.9863710320875183	1.0	0.9863710321502946	0.9863710321621718	0.986371032217446	1.0	1.0	0.9863710321626535
2020-01-01	1.0009140341141343	1.0	1.0	1.0009140340917788	1.0	1.000914034224766	1.0	1.0	1.0	1.0	1.0	1.0	1.0
2020-01-02	0.97018070791385	1.0	1.0	0.9701807078964704	1.0	0.9701807078639523	1.0	1.0	1.0	1.0	1.0	1.0	1.0
2020-01-03	1.0514516633723845	1.0	1.0	1.0	1.0	1.0	1.0	1.0	1.0	1.0	1.0	1.0	1.0
2020-01-04	1.0089548668868702	1.0089548668419737	1.0089548669529356	1.0	1.0	1.0	1.0	1.008954866884741	1.008954866848678	1.0089548667815633	1.0089548668232797	1.0089548668357926	1.0089548668723458
2020-01-05	1.0000891479693848	1.0000891479677503	1.0000891479055707	1.0	1.0	1.0	1.0	1.0000891479476643	1.0000891479185425	1.0000891480142453	1.0000891480394491	1.0000891480637246	1.0000891479718064
2020-01-06	1.0482912600425063	1.0482912600921725	1.0482912600932743	1.0	1.0	1.0	1.0	1.048291260100849	1.048291260069999	1.0482912601244554	1.0482912600479226	1.0482912600016674	1.0482912601027405
2020-01-07	1.0507738464980616	1.0507738465247418	1.0507738464389675	1.0507738465138616	1.0507738464377268	1.0507738465107272	1.0507738464297665	1.0507738464439687	1.0507738465810637	1.0507738464534904	1.0507738464782133	1.0507738464901843	1.0507738464459222
2020-01-08	0.9897314124458481	0.9897314124479719	0.989731412500881	0.9897314124600587	0.9897314124291129	0.9897314124688318	0.9897314124657077	0.989731412452448	0.9897314124077394	0.9897314124812678	0.9897314124628888	0.9897314124319079	0.9897314124621535
2020-01-09	0.9751491443426543	0.9751491442572519	0.9751491443707943	0.9751491442976783	0.9751491443443457	0.9751491443397025	0.9751491443097993	0.9751491444060739	0.9751491443210156	0.9751491442321253	0.9751491442769759	0.9751491443812562	0.9751491443793032
2020-01-10	1.0364869030188055	1.0364869030896542	1.0364869029450847	1.0364869030501613	1.0364869029860728	1.0364869029394186	1.0364869030621706	1.0364869030112758	1.0364869029949064	1.0364869030394053	1.0364869030130384	1.0364869029462378	1.036486902956972
2020-01-11	0.9842018312918567	0.9842018312765611	0.9842018313022554	0.9842018312855125	0.9842018313378247	0.9842018312940907	0.9842018312825703	0.9842018312463074	0.9842018313483709	0.984201831282037	0.9842018313018273	0.9842018313639442	0.9842018313616255
2020-01-12	1.0192791064565043	1.0192791064218263	1.0192791064570024	1.0192791064985973	1.0192791064669218	1.019279106550626	1.0192791064564302	1.0192791064317062	1.0192791064911633	1.0192791064708657	1.0192791064833422	1.0192791064453703	1.0192791064344795
2020-01-13	0.9941043833332417	0.9941043833974185	0.9941043833829758	0.9941043833510388	0.9941043832913969	0.9941043833128951	0.9941043833411989	0.9941043833499946	0.9941043832634014	0.9941043833671064	0.9941043833014137	0.9941043832708265	0.994104383325257
2020-01-14	1.0839334480242442	1.0839334480179295	1.083933447983714	1.0839334479044147	1.0839334481146043	1.0839334479338167	1.083933448048571	1.0839334480102607	1.083933448021812	1.0839334480270235	1.0839334481074243	1.0839334481165903	1.083933448038925
2020-01-15	0.9976490191087387	0.9976490190513305	0.9976490191219759	0.9976490192120208	0.9976490190526074	0.997649019154095	0.9976490190568557	0.9976490191205892	0.9976490191119072	0.9976490190616619	0.9976490191189138	0.9976490190600531	0.9976490190545171
2020-01-16	0.9905501865004991	0.9905501865510176	0.9905501864881248	0.9905501864255235	0.9905501865573477	0.9905501865535775	0.9905501865449929	0.9905501865041156	0.990550186470583	0.990550186511951	0.9905501864512136	0.9905501865188003	0.9905501865346529
2020-01-17	1.023527852456582	1.0235278524654878	1.023527852438207	1.0235278524214997	1.0235278524568145	1.0235278524302553	1.0235278524494291	1.0235278524569034	1.0235278525135347	1.02352785254278	1.0235278524930345	1.0235278524164146	1.0235278524386624
2020-01-18	1.0015422162910907	1.001542216228655	1.0015422162895182	1.0015422162908871	1.0015422162646508	1.0015422162211973	1.001542216227508	1.0015422163299272	1.0015422162648593	1.001542216199614	1.001542216247974	1.0015422163581083	1.0015422163580352
2020-01-19	0.9735470714246621	0.9735470714519873	0.9735470714327145	0.973547071455273	0.9735470713754695	0.9735470714621025	0.9735470714230067	0.9735470714343929	0.9735470714577171	0.9735470714421838	0.9735470714751382	0.9735470713516214	0.9735470713545115
2020-01-20	0.9944175085416448	0.994417508519934	0.9944175085729844	0.9944175086000961	0.994417508550284	0.9944175085149554	0.9944175086329325	0.9944175085017548	0.9944175085250698	0.9944175085265964	1.0	0.9944175085744255	0.9944175085944272
2020-01-21	1.0101935315768586	1.010193531645587	1.0101935316066475	1.0101935315001311	1.0101935316583714	1.0101935316608288	1.0101935315135493	1.010193531629977	1.01019353159376	1.0101935315627564	1.0	1.0101935316252528	1.010193531584801
2020-01-22	0.9925658200233789	0.9925658199576309	0.9925658199707865	0.9925658201230737	0.9925658199303724	0.9925658199960263	0.9925658200102487	0.9925658199916461	0.9925658200244896	0.9925658200589442	1.0	0.99256582001161	0.9925658199560932
2020-01-23	0.9683948540761419	0.9683948541192862	0.9683948541059213	0.9683948540659079	0.9683948541458329	0.9683948540725503	0.9683948540690425	0.9683948540325052	0.9683948541009255	0.9683948541411618	1.0	0.9683948540605519	0.9683948540588642
2020-01-24	1.0046296166849746	1.0	1.0046296166435014	1.0046296165975517	1.0046296166282227	1.0046296166714423	1.0046296167565698	1.0	1.004629616603874	1.004629616684134	1.0	1.0	1.0
2020-01-25	0.9908131531471921	1.0	0.9908131531525584	0.9908131531583212	0.9908131531685501	0.9908131531428715	0.9908131530752791	1.0	0.9908131532370613	0.990813153132915	1.0	1.0	1.0
2020-01-26	1.027364554352972	1.0	1.0	1.0273645544142613	1.0273645543590346	1.0273645543108973	1.0273645544259027	1.0	1.0	1.0	1.0	1.0	1.0
2020-01-27	1.036407519418229	1.0	1.0364075194037192	1.036407519380575	1.0364075194356532	1.0364075194326126	1.0364075193484896	1.0	1.0364075193359497	1.0	1.036407519358795	1.0	1.0364075195114235
2020-01-28	1.050368081672178	1.050368081651052	1.0503680816728123	1.050368081691868	1.0503680815981205	1.0503680816629146	1.0503680817180359	1.0503680817357106	1.0503680817397307	1.050368081623009	1.0503680816619396	1.0503680816871988	1.0503680816039502
2020-01-29	0.9955164226983511	0.995516422682688	0.9955164227182589	0.9955164227089877	0.9955164227796749	0.9955164227173317	0.9955164226854927	0.9955164227142735	0.9955164226151498	0.9955164227045242	0.995516422726793	0.9955164226610952	0.9955164227120898
2020-01-30	1.0206473030930427	1.0206473030800534	1.0206473031083185	1.0206473030473582	1.0206473030157612	1.0206473031562557	1.020647303071342	1.0206473030364707	1.02064730311033	1.0206473031061833	1.0206473030798378	1.0206473031312455	1.020647303091381
2020-01-31	0.9833353685014805	0.9833353685632015	0.9833353685160454	0.9833353685233257	0.9833353685579985	0.9833353684160716	0.9833353684996092	0.983335368541959	0.983335368536026	0.9833353684503041	0.9833353684934336	0.9833353684766432	0.983335368528418
2020-02-01	1.004528695826191	1.0045286957990707	1.0045286958523372	1.0045286958634667	1.0045286958466113	1.0045286958396535	1.0045286958860937	1.0045286957725845	1.0045286958336253	1.004528695879833	1.0045286958873028	1.0045286958384276	1.0045286958460025
2020-02-02	0.9948354719933994	0.9948354720001498	0.99483547192435	0.9948354719701501	0.9948354720017415	0.9948354720033772	0.9948354719749697	0.9948354720594237	0.9948354719953988	0.9948354719657082	0.9948354719500233	0.9948354720159601	0.9948354719446741
2020-02-03	0.9945588866951602	0.9945588866667319	0.9945588866883376	0.994558886709849	0.994558886706189	0.9945588867060307	0.9945588866939657	0.9945588866256215	0.9945588867001393	0.9945588866633421	1.0	0.9945588866461372	0.9945588867292057
2020-02-04	0.987888488427795	0.9878884884467795	0.987888488478788	0.9878884884371246	0.9878884884275304	0.9878884884570699	0.987888488417906	0.9878884884736127	0.9878884884547038	0.9878884884289664	1.0	0.9878884884055055	0.9878884883948587
2020-02-05	1.0471040937790892	1.0471040937487577	1.0471040938013365	1.0471040937659206	1.0471040937046732	1.047104093775775	1.0471040937654736	1.0471040938066791	1.047104093707514	1.0471040938294345	1.0	1.0	1.0471040938200593
2020-02-06	1.0121057733521575	1.0121057733991548	1.0121057733315861	1.0121057732976215	1.012105773359772	1.0121057733530814	1.012105773409058	1.0121057733387195	1.0121057733576713	1.012105773389096	1.012105773334619	1.0121057733658791	1.0121057733519119
2020-02-07	1.0067978364457033	1.0067978363803762	1.0067978363854708	1.0067978364675572	1.0067978364932693	1.0067978364532024	1.006797836395493	1.0067978364450871	1.0067978364258543	1.0067978364223724	1.006797836435245	1.006797836451175	1.0067978364208532
2020-02-08	1.0070616763965303	1.0070616764092735	1.0070616763997038	1.007061676375015	1.0070616763691296	1.007061676404976	1.0070616764445932	1.0070616763893865	1.0070616764327665	1.0070616764186409	1.0070616764081082	1.0070616764130635	1.0070616763693585
2020-02-09	1.0254994068905388	1.0254994069411334	1.0254994069273737	1.0254994068702494	1.025499406907261	1.0254994068164272	1.0254994068364254	1.0254994068690395	1.0254994069298329	1.0254994068612742	1.0254994068838401	1.02549940689354	1.0254994068751144
2020-02-10	0.9742936755279958	0.9742936755368151	0.9742936755338577	0.9742936755432781	0.9742936754782668	0.9742936755312313	0.974293675512696	0.974293675546809	0.9742936755282802	0.9742936754812535	0.974293675555927	0.974293675545849	0.9742936755409684
2020-02-11	1.0356740251085206	1.0356740250564898	1.0356740251349934	1.0356740251447827	1.0356740251457708	1.0356740251115448	1.0356740251800496	1.035674025055418	1.0356740250953351	1.0356740251010208	1.035674025106	1.035674025095188	1.0356740251579861
2020-02-12	1.0115415000411812	1.0115415000839136	1.0115415000281471	1.0115414999873642	1.011541500065435	1.0115415000317782	1.011541499972337	1.0115415000548886	1.0115414999703665	1.0115415000491919	1.0115415000732404	1.011541500026993	1.0115415000480086
2020-02-13	0.9891851429830428	0.9891851429813574	0.989185142988713	0.9891851430069422	0.9891851429987064	0.989185143019377	0.9891851430445422	0.9891851429976657	0.9891851430118701	0.9891851430231815	0.9891851429528857	0.9891851429848532	0.989185142910608
2020-02-14	1.0095685033374042	1.0095685033055193	1.0095685033059472	1.0095685033243056	1.0095685032594643	1.0095685033303528	1.0095685033138753	1.009568503359475	1.0095685033888075	1.0095685033481816	1.009568503330358	1.0095685033249762	1.0095685033924406
2020-02-15	0.9590102169766946	0.9590102170235861	0.9590102170156316	0.9590102170297932	0.9590102170352613	0.9590102169713915	0.9590102169957894	0.9590102169347426	0.9590102169378756	0.9590102170095824	0.9590102169769749	0.9590102169979148	0.9590102169384305
2020-02-16	1.004551203926162	1.004551203888023	1.0045512038608189	1.0045512038966495	1.004551203870881	1.0045512039268412	1.0045512038929565	1.0045512039757245	1.0045512038850979	1.0045512038894167	1.0	1.0	1.0045512039102313
2020-02-17	0.9754096684336849	0.9754096684457496	0.9754096685101411	0.9754096684840672	0.9754096685029776	0.9754096684183373	0.9754096684160333	0.975409668438789	0.9754096685032104	0.9754096684018772	1.0	1.0	0.9754096685131937
2020-02-18	1.0466302236899863	1.0	1.0	1.0466302236095064	1.0466302236649319	1.046630223708775	1.0466302236893572	1.0	1.0	1.0	1.0	1.0	1.0
2020-02-19	0.9498511564897079	0.9498511565024639	0.9498511564789742	0.9498511565734505	0.9498511564799557	0.9498511565017107	0.9498511565452439	0.9498511564993912	0.9498511564583798	0.9498511565268942	0.9498511564862913	0.9498511565172806	0.9498511564645237
2020-02-20	0.9974140835692947	1.0	1.0	1.0	0.9974140835264117	0.997414083523538	0.9974140835621583	1.0	1.0	1.0	1.0	1.0	1.0
2020-02-21	1.0081142757040045	1.0	1.0	1.0	1.0081142757384292	1.0081142757570885	1.0081142757029513	1.0	1.0	1.0	1.0	1.0	1.0
2020-02-22	0.9975987296030518	1.0	1.0	1.0	0.9975987296456689	0.9975987295526653	0.9975987295537505	1.0	1.0	1.0	1.0	1.0	1.0
2020-02-23	1.0270443000772318	1.0	1.0	1.0	1.0270443000504204	1.027044300090106	1.0270443000666232	1.0	1.0	1.0	1.0	1.0	1.0
2020-02-24	0.9723572584934089	1.0	0.972357258449592	1.0	0.9723572584818987	0.972357258488118	0.9723572585577359	1.0	0.9723572584558487	0.972357258439478	0.9723572585097561	0.9723572584187529	0.9723572584910539
2020-02-25	0.9680348042151347	1.0	1.0	1.0	0.9680348042364132	0.9680348042617378	0.9680348042084934	1.0	1.0	1.0	1.0	1.0	1.0
2020-02-26	0.9442090482788413	1.0	1.0	1.0	1.0	1.0	1.0	1.0	1.0	1.0	1.0	1.0	1.0
2020-02-27	0.9959153984178034	1.0	1.0	1.0	1.0	1.0	1.0	1.0	1.0	1.0	1.0	1.0	1.0
2020-02-28	0.9872458150461872	1.0	1.0	1.0	1.0	1.0	1.0	1.0	1.0	1.0	1.0	1.0	1.0
2020-02-29	0.9915887383279679	1.0	1.0	1.0	1.0	1.0	1.0	1.0	1.0	1.0	1.0	1.0	1.0
2020-03-01	0.9956910693495193	1.0	1.0	1.0	1.0	1.0	1.0	1.0	1.0	1.0	1.0	1.0	1.0
2020-03-02	1.0358794121802346	1.0	1.0	1.0	1.0	1.0	1.0	1.0	1.0	1.0	1.0	1.0	1.0
2020-03-03	0.9907681131631632	1.0	1.0	1.0	1.0	1.0	1.0	1.0	1.0	1.0	0.9907681131482708	1.0	1.0
2020-03-04	0.9962971289346921	1.0	1.0	1.0	1.0	1.0	1.0	1.0	1.0	1.0	0.9962971289766752	1.0	1.0
2020-03-05	1.036951171620602	1.0	1.0	1.0	1.0	1.0	1.0	1.0	1.0	1.0	1.0369511715744595	1.0	1.0
2020-03-06	1.004822595817392	1.0	1.0	1.0	1.0	1.0	1.0	1.0	1.0	1.0	1.0048225958020722	1.0048225958784183	1.0048225958178563
2020-03-07	0.9766960014915783	0.9766960014468591	1.0	1.0	1.0	1.0	1.0	0.9766960014430519	1.0	1.0	0.9766960015102566	0.9766960014320295	0.976696001512184
2020-03-08	0.9100065071244292	1.0	1.0	1.0	1.0	1.0	1.0	0.9100065071688312	1.0	1.0	1.0	0.9100065071706175	1.0
2020-03-09	0.9772485155368477	1.0	1.0	1.0	1.0	1.0	1.0	1.0	1.0	1.0	1.0	1.0	1.0
2020-03-10	0.9982438587514169	1.0	1.0	1.0	1.0	1.0	1.0	1.0	1.0	1.0	1.0	1.0	1.0
2020-03-11	1.0002150116513744	1.0	1.0	1.0	1.0	1.0	1.0	1.0	1.0	1.0	1.0	1.0	1.0
2020-03-12	0.6283046143893566	1.0	1.0	1.0	1.0	1.0	1.0	1.0	1.0	1.0	1.0	1.0	1.0
2020-03-13	1.1192806723485014	1.0	1.0	1.0	1.0	1.0	1.0	1.0	1.0	1.0	1.0	1.0	1.0
2020-03-14	0.9346944729520212	1.0	1.0	1.0	1.0	1.0	1.0	1.0	1.0	1.0	1.0	1.0	1.0
2020-03-15	1.0369106178703307	1.0	1.0	1.0	1.0	1.0	1.0	1.0	1.0	1.0	1.0	1.0	1.0
2020-03-16	0.9299308432214958	1.0	1.0	1.0	1.0	1.0	1.0	1.0	1.0	1.0	1.0	1.0	1.0
2020-03-17	1.042107938578309	1.0	1.0	1.0	1.0	1.0	1.0	1.0	1.0	1.0	1.0	1.0	1.0
2020-03-18	1.002451203679361	1.0	1.0	1.0	1.0	1.0	1.0	1.0	1.0	1.0	1.0	1.0	1.0
2020-03-19	1.1818775572497764	1.0	1.0	1.0	1.0	1.0	1.0	1.0	1.0	1.0	1.1818775572387732	1.0	1.0
2020-03-20	1.001225199918344	1.0	1.0	1.0	1.0	1.0	1.0	1.0	1.0	1.0	1.0012251999258122	1.0012251998548576	1.0
2020-03-21	0.9977879650969677	1.0	1.0	1.0	1.0	1.0	1.0	1.0	1.0	1.0	0.9977879650716341	0.9977879650919979	1.0
2020-03-22	0.942634161105238	1.0	1.0	1.0	1.0	1.0	1.0	1.0	1.0	1.0	0.9426341611556334	0.9426341612088751	1.0
2020-03-23	1.1005204866272396	1.0	1.0	1.0	1.0	1.0	1.0	1.0	1.0	1.0	1.0	1.1005204865364904	1.0
2020-03-24	1.0496373343466776	1.0496373343800254	1.0	1.0496373343127439	1.0496373343248406	1.0	1.0	1.049637334337516	1.0	1.0	1.0496373342862844	1.0496373343639607	1.0496373343186862
2020-03-25	0.9920204470232408	0.9920204470367215	1.0	0.9920204469782782	0.9920204470374832	1.0	1.0	0.9920204469524325	1.0	0.9920204470163521	0.9920204470470533	0.9920204469820173	0.9920204470035503
2020-03-26	1.0052951816295612	1.0052951815670732	1.0052951816810693	1.0052951816442954	1.005295181553087	1.0	1.0	1.0052951816528817	1.0052951816691007	1.0052951816725	1.0052951816512077	1.0052951817210516	1.0052951816986644
2020-03-27	0.9632778563927501	0.9632778564469786	0.9632778563520391	0.9632778564398421	0.9632778564138642	1.0	1.0	0.9632778564180197	0.9632778564465379	0.963277856396893	0.9632778563884049	0.9632778563928788	0.9632778563039216
2020-03-28	0.9648204657952291	0.9648204658076739	0.9648204658011588	0.9648204658033449	0.964820465791992	1.0	1.0	0.9648204658000654	0.9648204657788304	0.9648204658087598	1.0	0.9648204657510985	0.9648204657973564
2020-03-29	0.9487118012039026	0.9487118012129389	1.0	0.9487118011452361	0.9487118011963265	1.0	1.0	0.9487118011527861	1.0	0.9487118012049714	1.0	1.0	0.9487118012633561
2020-03-30	1.0857472380153546	1.0	1.0	1.0857472380125648	1.085747238050993	1.0	1.0	1.0	1.0	1.0	1.0	1.0	1.0
2020-03-31	1.00136904363714	1.0013690435621285	1.0013690436481373	1.0013690436681182	1.001369043662139	1.0013690436665978	1.0013690436315827	1.0	1.0013690436265734	1.0013690436584441	1.0013690436598994	1.0013690435999951	1.001369043565562
2020-04-01	1.0261129241085605	1.0261129241320346	1.0261129240860627	1.0261129240504316	1.0261129240553106	1.0261129240400573	1.0261129240466473	1.0	1.026112924063777	1.0261129240817195	1.0261129240641305	1.026112924168405	1.0261129241160112
2020-04-02	1.028281287971738	1.0282812880127077	1.0282812879295715	1.0282812880282801	1.0282812880016639	1.0282812880042305	1.0282812880453107	1.0282812879884164	1.028281287943288	1.0282812879716507	1.028281287972493	1.0282812879859464	1.0282812879709502
2020-04-03	0.9911332595886628	0.991133259545215	0.9911332596022031	0.991133259538546	0.9911332595753144	0.9911332595533736	0.991133259561029	0.9911332596442223	0.9911332596190329	0.991133259544321	0.9911332595964046	0.9911332595868251	0.9911332596648752
2020-04-04	1.019921643130897	1.0199216431730047	1.0199216431974156	1.0199216431899825	1.0199216431229006	1.0199216431241898	1.0199216430917455	1.0199216430639366	1.0199216431002385	1.0199216431230647	1.0199216431398175	1.0199216430871942	1.0199216430732234
2020-04-05	0.9888754794596126	0.9888754793873319	0.9888754794599476	0.9888754794182785	0.98887547946808	0.9888754795269274	0.9888754794849329	0.9888754795110624	0.9888754795322389	0.9888754795521291	0.9888754794312323	0.9888754794283354	0.9888754795059583
2020-04-06	1.0707764242209672	1.0707764243015925	1.0707764241582403	1.0707764242610252	1.0707764242815347	1.0707764241669748	1.070776424257046	1.0707764241931643	1.0707764242356856	1.0707764241963134	1.0707764242360769	1.0707764242208657	1.0707764242007045
2020-04-07	0.9868853729614049	0.9868853729052414	0.9868853730128119	0.9868853729548771	0.9868853729507203	0.9868853729866857	0.9868853729555578	0.9868853729838496	0.9868853728765759	0.986885372886427	0.9868853729948933	0.9868853730165437	0.9868853729212748
2020-04-08	1.0219725436538538	1.021972543687576	1.021972543668879	1.0219725436561244	1.0219725436231184	1.0219725436250624	1.0219725436515907	1.0219725436383782	1.0219725436847962	1.0219725437521054	1.0219725436336586	1.0219725436054594	1.0219725437034273
2020-04-09	0.995635553923972	0.9956355539053009	0.9956355539325477	0.9956355539311178	0.9956355538882489	0.9956355539369958	0.9956355538656205	0.9956355539269724	0.9956355539568381	0.9956355538211475	0.9956355539141651	0.9956355539797356	0.9956355539172013
2020-04-10	0.9402094154461358	0.9402094154747473	0.9402094153766276	0.9402094154308774	0.9402094154473741	0.9402094154803684	0.9402094154533013	0.9402094154970525	0.9402094154239827	0.9402094154901434	0.9402094154847798	0.9402094154773067	0.940209415461064
2020-04-11	0.9990663225719001	0.9990663225540451	0.9990663225968394	0.9990663225798331	0.9990663225938121	0.9990663225592757	0.9990663225812664	0.9990663225502496	0.9990663225415521	0.9990663225645753	1.0	1.0	0.9990663225245635
2020-04-12	1.01632999467558	1.0163299946874382	1.016329994708718	1.0163299946343591	1.0163299946673259	1.0163299946570918	1.0163299947295903	1.0163299946276705	1.0163299947023747	1.0163299946755922	1.0	1.0	1.0
2020-04-13	0.9819175815394876	0.9819175815324213	0.9819175815289792	0.9819175815713218	0.9819175816000606	0.9819175815068418	0.9819175814777752	0.9819175815697151	0.9819175815580101	0.9819175815972736	1.0	1.0	0.9819175815615632
2020-04-14	0.9996187217436523	1.0	0.9996187217378903	0.9996187217344094	0.9996187216875027	0.999618721811493	0.999618721778318	1.0	0.9996187217036769	0.9996187216720165	1.0	1.0	1.0
2020-04-15	0.9707241524810527	1.0	0.9707241524931249	0.9707241525101885	0.9707241524513253	0.9707241524883005	0.9707241524547372	1.0	0.9707241525274768	0.9707241525201467	1.0	1.0	1.0
2020-04-16	1.0714674020440842	1.0	1.0	1.0	1.0714674020620465	1.071467401977099	1.0714674020780612	1.0	1.0	1.0	1.0	1.0	1.0
2020-04-17	0.9971026842353066	0.997102684202615	0.9971026842402179	1.0	0.9971026843072457	0.997102684285241	0.9971026841962978	0.997102684199628	0.9971026841985059	0.9971026841740961	0.9971026842355527	0.997102684229231	0.9971026842821623
2020-04-18	1.022755956726757	1.0227559567167341	1.0227559566859825	1.0	1.0227559566756004	1.0227559567426132	1.0227559567406008	1.0227559567566933	1.0227559567993276	1.0227559568163502	1.0227559567187299	1.0227559566636248	1.0227559566851374
2020-04-19	0.9905974946992865	0.9905974947577808	0.9905974947573059	0.9905974946554806	0.9905974947115074	0.990597494679748	0.9905974947008517	0.9905974946517311	0.9905974946037983	0.9905974947036432	0.9905974946579643	0.9905974947321735	0.9905974946574719
2020-04-20	0.9572335315634475	0.9572335315056115	0.9572335314653687	0.9572335316104719	0.9572335316063211	0.9572335315611822	0.9572335315456707	0.9572335315604992	0.9572335315707354	0.9572335314636522	0.9572335315858329	0.9572335315074292	0.9572335316478051
2020-04-21	0.9997623853731537	1.0	1.0	0.9997623853167016	0.9997623853131139	0.9997623853270377	0.9997623853757038	1.0	1.0	1.0	1.0	1.0	1.0
2020-04-22	1.034429236776838	1.0	1.0	1.0344292368280519	1.0344292368332912	1.0344292367638854	1.0344292367773404	1.0	1.0	1.0	1.0	1.0	1.0
2020-04-23	1.0439100712072535	1.0439100712036897	1.043910071209385	1.0439100711890985	1.0439100711639393	1.0439100712180602	1.0439100712134783	1.0439100712824407	1.0439100713043457	1.0439100712118046	1.0439100712295215	1.0439100712051488	1.0439100711620026
2020-04-24	1.016309658349007	1.0163096584083982	1.0163096583556868	1.0163096583042315	1.0163096583297868	1.0163096583751943	1.0163096584033826	1.016309658282565	1.0163096582801088	1.016309658387255	1.0163096583105045	1.0163096584364666	1.0163096583307134
2020-04-25	1.0025209119156813	1.0025209118750273	1.0025209120043108	1.0025209119827174	1.0025209119142628	1.0025209119265395	1.002520911860527	1.0025209119507712	1.0025209119645764	1.0025209118982306	1.0025209119088265	1.0025209118816374	1.0025209119143452
2020-04-26	1.014522071585774	1.0145220716309062	1.0145220714945151	1.0145220715547778	1.014522071608777	1.014522071616555	1.0145220716104517	1.0145220716369299	1.0145220714987553	1.0145220715794723	1.0145220716022216	1.01452207154107	1.0145220715479353
2020-04-27	1.0150697770113573	1.015069776968315	1.0150697770092165	1.0150697769894304	1.0150697770463861	1.0150697769548345	1.0150697770339343	1.0150697769283028	1.0150697770811445	1.0150697770839665	1.0150697770293935	1.0150697770864645	1.0150697770889296
2020-04-28	1.0014697417032041	1.00146974173845	1.0014697417663099	1.0014697417413314	1.001469741672713	1.0014697417123415	1.0014697416794027	1.0014697417090914	1.0014697416648166	1.0014697416420466	1.0014697417063891	1.0014697416221972	1.0014697416671576
2020-04-29	1.1273180519951405	1.127318051977901	1.1273180520177803	1.1273180519874266	1.1273180520120916	1.1273180520390973	1.127318051985109	1.127318052064752	1.12731805205628	1.1273180520427222	1.127318051997403	1.1273180520078043	1.1273180519791202
2020-04-30	0.9838105035329124	0.9838105035662694	0.9838105035153553	0.9838105035571917	0.9838105035057738	0.9838105034941782	0.983810503533564	0.98381050349716	0.9838105034974932	0.9838105034827541	0.9838105035348185	0.9838105036080735	0.9838105035318038
2020-05-01	1.0238160896014334	1.023816089605013	1.0238160895390196	1.023816089551254	1.0238160896397743	1.0238160896405404	1.0238160896149637	1.0238160896038608	1.0238160895934358	1.0238160896050221	1.0238160895594461	1.023816089514262	1.0238160896522592
2020-05-02	1.0139687916850584	1.0139687916767597	1.0139687917280775	1.013968791668546	1.0139687916572893	1.0139687916541642	1.0139687917055764	1.0139687916891902	1.0139687917351676	1.0139687916962963	1.0139687917205569	1.013968791760739	1.0139687916174347
2020-05-03	0.9898618290213461	0.9898618289978536	0.9898618290145879	0.9898618290184482	0.9898618290017963	0.9898618290026103	0.9898618289839312	0.9898618290415464	0.989861828941561	0.9898618290053531	0.9898618290005271	0.9898618289529039	0.9898618290193926
2020-05-04	1.0017067266462722	1.0017067266713886	1.0017067266806614	1.001706726710321	1.0017067266956408	1.0017067266924586	1.0017067266712776	1.0017067265839794	1.0017067266802289	1.001706726725974	1.0017067266775619	1.001706726714122	1.0017067267249382
2020-05-05	1.010144678901148	1.0101446788365056	1.010144678914605	1.01014467886205	1.0101446789010204	1.0101446789032897	1.0101446789248598	1.0101446789193345	1.0101446789309108	1.0101446789173851	1.0101446788543738	1.0101446789112716	1.010144678889997
2020-05-06	1.0295111997088764	1.029511199765352	1.0295111996677246	1.0295111997091182	1.0295111996663653	1.0295111996973438	1.0295111996807274	1.029511199721382	1.0295111996846869	1.029511199626283	1.0295111997196102	1.0295111996682997	1.0295111996673625
2020-05-07	1.073662141362467	1.0736621413104355	1.0736621413307452	1.0736621414028364	1.073662141383172	1.0736621413629737	1.0736621413450746	1.0736621413461984	1.0736621413501195	1.0736621414421506	1.073662141356828	1.073662141336439	1.0736621413870109
2020-05-08	0.9890617157172148	0.989061715723289	0.9890617157288124	0.9890617156769218	0.989061715726713	0.9890617157141264	0.989061715731642	0.989061715775065	0.9890617157282767	0.9890617156476005	0.9890617157053121	0.9890617157452374	0.9890617157451117
2020-05-09	0.9747253913121094	0.9747253913631062	0.9747253913375404	0.974725391314161	0.9747253913232582	0.9747253912777253	0.9747253913318894	0.9747253912693251	0.9747253912766135	0.9747253913188996	0.9747253913481346	0.974725391311161	0.9747253912637553
2020-05-10	0.9127084786252733	0.912708478577656	0.9127084786188747	0.912708478662369	0.9127084785872885	0.912708478638462	0.9127084785890637	0.9127084785965479	0.9127084786253901	0.9127084786881172	0.912708478596596	0.9127084786539118	0.9127084786309783
2020-05-11	0.9823404339126737	1.0	0.9823404339021646	0.9823404339014803	0.9823404339464988	0.982340433946784	0.9823404339095723	1.0	0.9823404339895013	0.9823404338557007	1.0	1.0	1.0
2020-05-12	1.0235627121828275	1.0	1.023562712157341	1.0	1.0235627121511093	1.0235627121308168	1.023562712210118	1.0	1.023562712118109	1.0	1.0	1.0	1.0
2020-05-13	1.0528719352100104	1.0	1.0528719352778217	1.0	1.0528719351795461	1.0528719352627218	1.052871935210557	1.0	1.0528719352377447	1.0	1.0	1.0	1.0
2020-05-14	1.0500253516798101	1.0500253516884073	1.0500253516098168	1.0	1.0500253517324658	1.0500253516633764	1.0500253516572293	1.0500253517547005	1.0500253516685847	1.0500253517231775	1.0500253517180562	1.0500253515985318	1.050025351729992
2020-05-15	0.9583381950571653	0.95833819505585	0.9583381950535287	0.9583381950430205	0.9583381950453912	0.9583381950648264	0.9583381950634058	0.9583381950653865	0.9583381950584032	0.9583381950225048	0.9583381950409492	0.9583381951318267	0.9583381950070308
2020-05-16	1.005233209012199	1.0052332089911908	1.0052332090658578	1.0052332090314993	1.0052332090199718	1.00523320901282	1.0052332090005756	1.0052332089364748	1.0052332090147602	1.0052332089829752	1.0052332089878553	1.0052332089535552	1.0052332090197635
2020-05-17	1.031324001038526	1.0313240011107128	1.0313240009935902	1.0313240010603966	1.0313240010088922	1.0313240010453715	1.0313240010600147	1.031324001088571	1.031324001028893	1.0313240010556624	1.0313240010540587	1.0313240010874196	1.0313240010403386
2020-05-18	1.0057736989396968	1.0057736988891075	1.0057736989723127	1.005773698889837	1.0057736989729908	1.005773698928435	1.0057736989092496	1.0057736989661046	1.0057736989868824	1.0057736989345734	1.0057736989727915	1.0057736988910286	1.0057736989208792
2020-05-19	1.0002532125594699	1.0002532125502368	1.0002532125204986	1.0002532125814771	1.0002532125420784	1.0002532125608103	1.0002532126070216	1.0002532125425527	1.0002532125341395	1.0002532125790127	1.0002532125308956	1.0002532125967296	1.0002532126210923
2020-05-20	0.9788204507805849	0.9788204508401692	0.9788204508483128	0.978820450733798	0.978820450782485	0.9788204507327821	0.9788204507834338	0.9788204507367685	0.9788204508122722	0.9788204508303706	0.9788204507642362	0.9788204507754613	0.97882045077301
2020-05-21	0.9536679002738517	0.9536679002254057	0.9536679002262578	0.953667900332614	0.9536679003006189	0.9536679003151574	0.9536679002242114	0.9536679002823096	0.9536679002366876	0.9536679001838847	1.0	0.9536679002464127	0.9536679002303912
2020-05-22	1.0111008670034893	1.0	1.0	1.0	1.0111008669401595	1.011100866990581	1.011100867037649	1.0	1.0	1.0	1.0	1.0	1.0
2020-05-23	1.0029087652158541	1.0	1.0	1.0	1.0029087652764397	1.0029087652379545	1.0029087651976853	1.0	1.0	1.0	1.0	1.0	1.0
2020-05-24	0.954511251517981	1.0	1.0	1.0	0.9545112514862203	0.9545112515108951	0.9545112515316599	1.0	1.0	1.0	1.0	1.0	1.0
2020-05-25	1.013260696688153	1.0	1.0	1.0	1.0	1.0	1.0	1.0	1.0	1.0	1.0	1.0	1.0
2020-05-26	0.9919296773278083	1.0	1.0	1.0	1.0	1.0	1.0	1.0	1.0	1.0	1.0	1.0	1.0
2020-05-27	1.0391582092847755	1.0	1.0	1.0	1.0	1.0	1.0	1.0	1.0	1.0	1.0	1.0	1.0
2020-05-28	1.0375484956946457	1.0	1.0	1.0	1.0	1.0	1.0	1.0	1.0	1.0	1.037548495702099	1.0375484957487107	1.0
2020-05-29	0.9909060236605848	0.9909060236598001	0.990906023678019	1.0	1.0	1.0	1.0	0.9909060236647942	0.9909060236745799	0.9909060236651781	0.990906023694594	0.9909060235965409	0.9909060236569943
2020-05-30	1.0276815983520635	1.0276815983464365	1.0276815983113592	1.0	1.0	1.0	1.0	1.0276815983616143	1.0276815983040646	1.0276815984110679	1.0276815983301757	1.0276815984092966	1.0276815983479095
2020-05-31	0.9753252317431514	0.9753252317898502	0.9753252317888155	0.9753252317491301	1.0	0.9753252316952564	1.0	0.9753252317774976	0.9753252317944827	0.9753252317767576	0.9753252317213937	0.9753252317289861	0.9753252317569836
2020-06-01	1.0746438629444557	1.0746438629005084	1.0746438629331794	1.0746438629242825	1.0	1.0746438629609316	1.0	1.0746438629444393	1.074643862911015	1.0746438629011905	1.0746438629565216	1.0746438629672161	1.0746438629588297
2020-06-02	0.9373022517747394	0.9373022518087399	0.9373022517599423	0.9373022517606753	0.9373022517833958	0.9373022517808318	0.9373022517995726	0.937302251708919	0.9373022517817707	0.9373022517655193	0.9373022518033933	0.9373022517855021	0.9373022518123355
2020-06-03	1.0133175945537585	1.013317594573659	1.0133175946134334	1.0133175945588513	1.0133175945461907	1.013317594537387	1.0133175945330055	1.0133175946115418	1.0133175945953696	1.0133175945212647	1.0	1.0133175945366395	1.013317594523661
2020-06-04	1.014903505454244	1.0149035053774302	1.0149035054295672	1.01490350547466	1.0149035054221687	1.0149035054861455	1.014903505428993	1.0149035054553164	1.014903505385936	1.0149035055092621	1.0	1.01490350544031	1.014903505458854
2020-06-05	0.986214822580039	0.9862148225792409	0.9862148226044801	0.9862148225576157	0.9862148225763832	0.9862148225571532	0.9862148225964337	0.9862148225565407	0.9862148225754461	0.9862148225643793	0.9862148225759908	0.9862148225513372	0.9862148225299145
2020-06-06	0.9987736305125596	0.9987736305487915	0.9987736304678251	0.9987736304694979	0.9987736305697138	0.9987736305557832	0.9987736304939062	0.9987736304838699	0.9987736305359476	0.9987736305274149	1.0	0.9987736305207318	0.998773630505778
2020-06-07	1.0108945867688912	1.010894586743747	1.0108945867902837	1.010894586801811	1.0108945867599408	1.010894586731301	1.0108945868233539	1.0108945867924775	1.010894586748709	1.0108945867202495	1.0	1.0108945867390653	1.0108945868123618
2020-06-08	1.0012948980373972	1.0012948980779046	1.0012948980555316	1.0012948980543774	1.0012948980436998	1.0012948980657672	1.0012948980386767	1.0012948980460639	1.001294898100913	1.0012948981175271	1.0012948980107357	1.0012948981158147	1.001294898041319
2020-06-09	1.0024777120826467	1.002477712072875	1.0024777120347446	1.002477712066482	1.0024777120639836	1.0024777120876855	1.0024777120478001	1.0024777120829975	1.002477712083641	1.0024777120605113	1.0024777120820958	1.002477712053766	1.002477712059092
2020-06-10	1.007594610953689	1.0075946109780998	1.0075946109919696	1.007594610956824	1.007594610925109	1.0075946109191234	1.007594610972636	1.0075946109102836	1.007594610906595	1.0075946108928682	1.0075946109634157	1.0075946109072573	1.0075946109278453
2020-06-11	0.944446989399193	0.9444469893506549	0.9444469893914383	0.9444469893678763	0.9444469894475801	0.9444469894343209	0.9444469894065156	0.9444469894189075	0.9444469894508271	0.9444469894020014	0.9444469894263049	0.9444469894680187	0.9444469894090021
2020-06-12	1.0170635306422793	1.0	1.0	1.0	1.0170635306080522	1.0170635306072586	1.0170635306463502	1.0	1.0	1.0	1.0	1.0	1.0
2020-06-13	0.9994128786269683	1.0	1.0	1.0	0.9994128786482135	0.9994128786157847	0.9994128785903278	1.0	1.0	1.0	1.0	1.0	1.0
2020-06-14	0.9906610376891993	1.0	1.0	1.0	0.9906610376719425	0.9906610376992363	0.9906610377267023	1.0	1.0	1.0	1.0	1.0	1.0
2020-06-15	1.0068089384158279	1.0	1.0	1.0	1.0068089384336014	1.006808938459484	1.0068089383480427	1.0	1.0	1.0	1.0	1.0	1.0
2020-06-16	1.0092397649013285	1.0	1.0	1.0	1.0092397648543636	1.0092397649085103	1.009239764961058	1.0	1.0	1.0	1.0	1.0	1.0
2020-06-17	0.9939432393447006	1.0	1.0	1.0	0.9939432393459698	0.9939432393211522	0.9939432393521123	1.0	1.0	1.0	0.9939432393303652	1.0	1.0
2020-06-18	0.9927835207128576	1.0	1.0	1.0	0.992783520766303	0.9927835206910385	0.9927835206936718	1.0	1.0	1.0	0.9927835207207478	1.0	1.0
2020-06-19	0.9868439907380415	1.0	1.0	1.0	0.9868439906816387	0.9868439907598939	0.9868439907608535	1.0	1.0	1.0	1.0	1.0	1.0
2020-06-20	1.0047719828225514	1.0	1.0	1.0	1.0047719828634032	1.0	1.0047719827574702	1.0	1.0	1.0	1.0	1.0	1.0
2020-06-21	0.9969235010214725	1.0	1.0	1.0	0.9969235010061954	1.0	0.996923501086321	1.0	1.0	1.0	1.0	1.0	1.0
2020-06-22	1.0370917474512351	1.0	1.0	1.0	1.0370917474300063	1.0	1.0370917474060963	1.0	1.0	1.0	1.0	1.0	1.0
2020-06-23	0.9980246525550438	0.9980246525736682	0.9980246525278538	1.0	0.9980246525659011	1.0	0.9980246525577401	0.9980246525427492	0.9980246525495745	0.9980246525893353	0.9980246525164307	0.99802465248212	0.9980246525795632
2020-06-24	0.9671797436277084	0.9671797436278083	0.9671797436586865	1.0	0.9671797436355741	1.0	0.9671797436026409	0.9671797436538915	0.9671797436181445	0.9671797435974134	0.9671797436219707	0.9671797436850625	0.9671797436297296
2020-06-25	0.9947606918095385	1.0	1.0	1.0	0.9947606918460374	1.0	0.9947606918677155	1.0	1.0	1.0	1.0	1.0	1.0
2020-06-26	0.9890018824174975	1.0	1.0	1.0	0.9890018824085286	1.0	0.9890018824231104	1.0	1.0	1.0	1.0	1.0	1.0
2020-06-27	0.9871735898544962	1.0	1.0	1.0	0.987173589880253	1.0	0.9871735898475646	1.0	1.0	1.0	1.0	1.0	1.0
2020-06-28	1.0108554080272238	1.0	1.0	1.0	1.010855408016234	1.0	1.0108554079713405	1.0	1.0	1.0	1.0	1.0	1.0
2020-06-29	1.0051700155190526	1.0	1.0	1.0	1.0051700154693166	1.0	1.0051700155646037	1.0	1.0	1.0	1.0	1.0	1.0
